ID,0,1,2,3,4,5,6,7,8,9,10,11,12,13,14,15,16,17,18,19,20,21,22,23,24,25,26,27,28,29,30,31,32,33,34,35,36,37,38,39,40,41,240,312,444,1109,1207,2268,2276,2291,2292,2835,3036,3840,3841,3842,3843,3844,3845,3846,3847,3848,3849,3850,3851,3852,3853,3854,3855,3856,3857,3858,3859,3860,3861,3862,3863,3864,3865,3866,3867,3868,3869,3870,3871,3872,3873,3874,3875,3876,4299,4808,5474,5646,5699,5948,5949,5950,5951,5952,5953,5954,5955,5956,5957,5958,5959,5960,5961,5962,5963,5964,5965,5966,5967,5968,5969,5970,5971,5972,5973,5974,5975,5976,5977,5978,5979,5980,5981,5982,5983,5984,5985,5986,5987,5988,5989,5990,5991,5992,5993,5994,5995,5996,5997,5998,5999,6000,6001,6002,6003,6285,6694,7023,7024,7025,7026,7027,7028,7029,7030,7031,7032,7033,7034,7035,7036,7037,7038,7039,7040,7041,7042,7043,7044,7045,7046,7047,7174,7299,7300,7301,7302,7303,7304,7305,7306,7307,7308,7309,7310,7311,7312,7313,7314,7315,7316,7317,7318,7319,7320,7321,7322,7323,7324,7325,7326,7843,7850,8283,9408,11082,11125,11126,11127,11128,11129,11130,11131,11132,11133,11134,11135,11136,12673,13702,14150,14407,14598,14656,15016,16511,16615,17372,18567,18876,19085,19153,19815,20579,20773,21254,21613,21640,21645,21702,21723,21990,21991,21992,22155,22226,22443,22784,23011,23402,23586,23910,23911,23912,23913,23914,23915,23996,24833,25562,25691,25692,25693,25856,26146,26263,26463,26627,26683,26737,26756,26803,27048,27678,28282,28302,28605,28630,28679,28856,28883,28884,28885,28934,29647,29752,29807,29808,29809,29810,29811,29812,29813,29814,29815,29816,29817,29818,29819,29820,29821,29822,29823,29824,29825,29826,29827,29828,29829,29830,29831,29832,29833,29834,29835,29836,29837,29838,29839,29840,29841,29842,29843,29844,29845,29846,29847,29848,29849,29850,29851,29852,29853,29854,29855,29856,29857,29858,29859,29860,29861,29862,29863,29864,29865,29866,29867,29868,29869,29870,29871,29872,29873,29874,29875,29876,29877,29878,29879,29880,29881,29882,29883,29884,29885,29886,29887,29888,29889,29890,29891,29892,29893,29894,29895,29896,29897,29898,29899,29900,29901,29902,29903,29904,29905
MT509652.1,-,-,-,-,-,-,-,-,-,-,-,-,-,-,-,-,-,-,-,-,-,-,-,-,-,A,A,C,A,A,A,C,C,A,A,C,C,A,A,C,T,T,C,C,T,A,A,A,T,A,G,C,C,N,N,N,N,N,N,N,N,N,N,N,N,N,N,N,N,N,N,N,N,N,N,N,N,N,N,N,N,N,N,N,N,N,N,N,N,N,G,C,A,A,C,N,N,N,N,N,N,N,N,N,N,N,N,N,N,N,N,N,N,N,N,N,N,N,N,N,N,N,N,N,N,N,N,N,N,N,N,N,N,N,N,N,N,N,N,N,N,N,N,N,N,N,N,N,N,N,N,C,C,N,N,N,N,N,N,N,N,N,N,N,N,N,N,N,N,N,N,N,N,N,N,N,N,N,T,N,N,N,N,N,N,N,N,N,N,N,N,N,N,N,N,N,N,N,N,N,N,N,N,N,N,N,N,C,C,T,A,T,N,N,N,N,N,N,N,N,N,N,N,N,G,A,T,C,C,C,C,A,C,C,C,C,G,C,G,G,G,G,C,G,C,T,G,T,T,A,T,C,C,G,G,A,G,N,N,N,N,N,N,C,G,G,-,-,-,C,T,C,C,C,T,C,T,C,C,G,G,G,C,G,C,C,G,G,G,C,G,C,A,A,T,G,T,G,T,A,A,A,A,T,T,A,A,T,T,T,T,A,G,T,A,G,T,G,C,T,A,T,C,C,C,C,A,T,G,T,G,A,T,T,T,T,A,A,T,A,G,C,T,T,C,T,T,-,-,-,-,-,-,-,-,-,-,-,-,-,-,-,-,-,-,-,-,-,-,-,-,-,-,-,-,-,-,-,-,-,-,-,-,-,-,-,-,-,-,-,-
MZ021503.1,-,-,-,-,-,-,-,-,-,-,-,-,-,-,-,-,-,-,-,-,-,-,-,-,-,A,A,C,A,A,A,C,C,A,A,C,C,A,A,C,T,T,T,T,T,A,G,A,T,A,G,C,T,A,A,T,G,A,A,G,A,G,T,G,A,A,A,A,G,C,A,A,G,T,T,G,A,A,C,A,A,A,A,G,A,T,C,G,C,T,G,C,A,A,A,A,G,T,T,G,G,A,C,A,A,T,T,A,T,T,A,T,A,A,G,A,A,A,G,A,C,A,A,T,T,C,T,T,A,T,T,T,C,A,C,A,G,A,G,C,A,A,C,C,A,A,T,T,G,A,T,C,C,A,A,T,G,T,C,T,A,A,T,T,T,A,G,G,C,A,T,G,C,C,T,T,C,T,C,A,A,T,C,A,T,G,C,A,A,T,T,G,T,T,T,T,T,C,A,G,C,T,A,T,T,T,T,T,C,T,A,G,A,T,G,T,C,T,G,C,T,T,T,T,G,A,T,T,T,C,C,A,A,C,C,C,A,C,G,T,G,G,T,T,C,T,G,T,T,A,C,C,C,G,A,G,C,A,C,A,A,G,T,C,G,G,-,-,-,C,G,C,T,T,C,C,G,C,C,A,T,G,C,A,C,C,A,A,C,C,G,C,A,A,T,G,T,G,T,A,A,A,A,T,T,A,A,T,T,T,T,A,G,T,A,G,T,G,C,T,A,T,C,C,C,C,A,T,G,T,G,A,T,T,T,T,A,A,T,A,G,-,-,-,-,-,-,-,-,-,-,-,-,-,-,-,-,-,-,-,-,-,-,-,-,-,-,-,-,-,-,-,-,-,-,-,-,-,-,-,-,-,-,-,-,-,-,-,-,-,-
MW812293.1,-,-,-,-,-,-,-,-,-,-,T,A,T,A,C,C,T,T,C,C,C,A,G,G,T,A,A,C,A,A,A,C,C,A,A,C,C,A,A,C,T,T,T,C,T,A,A,A,T,A,G,T,T,A,A,T,G,A,A,G,A,G,T,G,A,A,A,A,G,C,A,A,G,T,T,G,A,A,C,A,A,A,A,G,A,T,C,G,C,T,G,C,A,G,C,A,G,T,T,G,G,A,C,A,A,T,T,A,T,T,A,T,A,A,G,A,A,A,G,A,C,A,A,T,T,C,T,T,A,T,T,T,C,A,C,A,G,A,G,C,A,A,C,C,A,A,T,T,G,A,T,C,C,A,A,T,G,T,C,T,A,A,T,T,T,A,G,G,C,A,T,G,C,C,T,T,C,T,T,A,A,T,C,A,T,G,C,A,A,T,T,G,T,T,T,T,T,C,A,G,C,T,A,T,T,T,T,C,C,T,A,G,A,T,G,T,C,T,G,C,T,T,T,T,G,A,T,T,C,C,C,A,C,C,C,T,G,C,G,G,G,G,C,G,C,G,G,T,T,A,T,C,T,G,G,G,G,A,C,A,A,G,T,C,G,T,-,-,-,C,G,T,C,C,C,T,G,C,C,G,G,G,C,G,C,T,G,G,G,C,G,C,A,A,T,G,T,G,T,A,A,A,A,T,T,A,A,T,T,T,T,A,G,T,A,G,T,G,C,T,A,T,C,C,-,-,-,-,-,-,-,-,-,-,-,-,-,-,-,-,-,-,-,-,-,-,-,-,-,-,-,-,-,-,-,-,-,-,-,-,-,-,-,-,-,-,-,-,-,-,-,-,-,-,-,-,-,-,-,-,-,-,-,-,-,-,-,-,-,-,-
MW786740.1,-,-,-,-,-,-,-,-,-,-,-,-,-,-,-,-,-,-,-,-,-,-,-,-,-,A,A,C,A,A,A,C,C,A,A,C,C,A,A,C,T,T,T,C,C,C,A,A,T,A,T,C,T,A,A,T,G,A,A,G,A,G,T,G,A,A,A,A,G,C,A,A,G,T,T,G,A,A,C,A,A,A,A,G,A,T,C,G,C,T,G,C,T,A,C,A,G,T,T,G,G,A,C,A,A,T,T,A,T,T,A,T,A,A,G,A,A,A,G,A,C,A,A,T,T,C,T,T,A,T,T,T,C,A,C,A,G,A,G,C,A,A,C,C,A,A,T,T,G,A,T,T,C,A,A,T,G,T,C,T,A,A,T,T,T,A,G,G,C,A,T,G,C,C,T,T,C,T,T,A,A,T,C,A,T,G,C,A,A,T,T,G,T,T,T,T,T,C,A,G,C,T,A,T,T,T,T,C,T,C,G,G,A,T,G,T,C,T,G,C,T,T,T,T,G,A,T,T,C,C,C,A,C,C,C,C,G,C,T,G,A,C,C,G,T,T,G,T,T,T,T,T,C,G,G,G,G,A,C,A,A,G,T,C,G,G,-,-,-,C,G,C,C,C,C,C,G,G,C,G,G,T,T,G,T,C,G,G,G,T,T,C,A,A,T,G,T,G,T,A,A,A,A,T,T,A,A,T,T,T,T,A,G,T,A,G,T,G,C,T,A,T,C,C,C,C,A,T,G,T,G,A,T,T,T,T,A,A,T,A,G,C,T,T,C,T,T,-,-,-,-,-,-,-,-,-,-,-,-,-,-,-,-,-,-,-,-,-,-,-,-,-,-,-,-,-,-,-,-,-,-,-,-,-,-,-,-,-,-,-,-
MW403702.1,-,-,-,-,-,-,-,-,-,-,-,-,-,-,-,-,-,-,-,-,-,-,-,-,-,A,A,C,A,A,A,C,C,A,A,C,C,A,A,C,T,T,T,C,T,A,A,A,T,A,G,C,T,A,A,T,G,A,A,G,A,G,T,G,A,A,A,A,G,C,A,A,G,T,T,G,A,A,C,A,A,A,A,G,A,T,C,G,C,T,G,C,A,A,C,A,G,T,T,G,G,A,C,A,A,T,T,A,T,T,A,T,A,A,G,A,A,A,G,A,C,A,A,T,T,C,T,T,A,T,T,T,C,A,C,A,G,A,G,C,A,A,C,C,A,A,T,T,G,A,T,C,C,A,A,T,G,T,C,T,A,A,T,T,T,A,G,G,C,A,T,G,C,C,T,T,C,T,T,A,A,T,C,A,T,G,C,A,A,T,T,G,T,T,T,T,T,C,A,G,C,T,A,T,T,T,T,C,C,T,A,G,A,T,G,T,C,T,G,C,T,T,T,T,G,A,T,T,C,C,C,A,C,C,C,C,G,C,G,G,G,G,C,G,C,T,G,T,T,A,T,C,C,G,G,G,G,A,C,A,A,G,T,C,G,G,-,-,-,C,G,C,C,C,C,C,G,C,C,G,G,G,C,G,C,C,A,A,C,C,G,C,A,A,T,G,T,G,T,A,A,A,A,T,T,A,A,T,T,T,T,A,G,T,A,G,T,G,C,T,A,T,C,C,C,C,A,T,G,T,G,A,T,T,T,T,A,A,T,A,G,C,T,-,-,-,-,-,-,-,-,-,-,-,-,-,-,-,-,-,-,-,-,-,-,-,-,-,-,-,-,-,-,-,-,-,-,-,-,-,-,-,-,-,-,-,-,-,-,-,-
MW368700.1,-,-,-,-,-,-,-,-,-,-,-,-,-,-,-,-,-,-,-,-,-,-,-,-,-,-,-,-,-,-,-,-,-,-,-,-,-,-,-,-,-,-,T,C,T,A,A,A,T,A,G,T,T,A,A,T,G,A,A,G,A,G,T,G,A,A,A,A,G,C,A,A,G,T,T,G,A,A,C,A,A,A,A,G,A,T,C,G,C,T,G,C,A,A,C,A,G,T,T,G,G,A,C,A,A,T,T,A,T,T,A,T,A,A,G,A,A,A,G,A,C,A,A,T,T,C,T,T,A,T,T,T,C,A,C,A,G,A,G,C,A,A,C,C,A,A,T,T,G,A,T,C,C,A,A,T,G,T,C,T,A,A,T,T,T,A,G,G,C,A,T,G,C,C,T,T,C,T,T,A,A,T,C,A,T,G,C,A,A,T,T,G,T,T,T,T,T,C,A,G,C,T,A,T,T,T,T,C,C,T,A,G,A,T,G,T,C,T,G,C,T,T,T,T,G,A,C,T,C,C,C,A,C,C,C,T,G,C,G,G,G,G,C,G,C,T,G,T,T,A,T,C,T,G,G,G,G,A,C,A,A,G,T,T,T,T,-,-,-,C,G,C,C,C,C,T,G,C,C,G,G,G,C,T,C,T,G,G,G,C,G,C,A,A,T,G,T,G,T,A,A,A,A,T,T,A,A,T,T,T,T,A,G,T,A,G,T,G,C,T,A,T,C,C,C,C,A,T,G,T,-,-,-,-,-,-,-,-,-,-,-,-,-,-,-,-,-,-,-,-,-,-,-,-,-,-,-,-,-,-,-,-,-,-,-,-,-,-,-,-,-,-,-,-,-,-,-,-,-,-,-,-,-,-,-,-,-,-,-,-,-
MT577009.1,A,T,T,A,A,A,G,G,T,T,T,A,T,A,C,C,T,T,C,C,C,A,G,G,T,A,A,C,A,A,A,C,C,A,A,C,C,A,A,C,T,T,T,C,T,A,A,A,T,A,G,C,T,A,A,T,G,A,A,G,A,G,T,G,A,A,A,A,G,C,A,A,G,T,T,G,A,A,C,A,A,A,A,G,A,T,C,G,C,T,G,T,A,A,C,A,G,T,T,G,G,A,C,A,A,T,T,A,T,T,A,T,A,A,G,A,A,A,G,A,C,A,A,T,T,C,T,T,A,T,T,T,C,A,C,A,G,A,G,C,A,A,C,C,A,A,T,T,G,A,T,C,C,A,A,T,G,T,C,T,A,A,T,T,T,A,G,G,C,A,T,G,C,C,T,T,C,T,T,A,A,T,C,A,T,G,C,A,A,T,T,G,T,T,T,T,T,C,A,G,C,T,A,T,T,T,T,C,C,T,A,G,A,T,G,T,C,T,G,C,T,T,T,T,G,A,T,T,C,C,C,A,C,C,C,C,G,C,G,G,G,G,C,G,C,T,G,T,T,A,T,C,C,G,G,G,G,A,C,A,A,G,T,C,G,G,-,-,-,C,G,C,C,C,C,C,G,C,C,G,G,G,C,G,C,C,G,G,G,C,G,C,A,A,T,G,T,G,T,A,A,A,A,T,T,A,A,T,T,T,T,A,G,T,A,G,T,G,C,T,A,T,C,C,C,C,A,T,G,T,G,A,T,T,T,T,A,A,T,A,G,C,T,T,C,T,T,A,G,G,A,G,A,A,T,G,A,C,A,A,A,A,A,A,A,A,A,A,A,A,A,A,A,A,A,A,A,A,A,A,A,A,A,A,A,A,A,A,A,A,A
MT955360.1,A,T,T,A,A,A,G,G,T,T,T,A,T,A,C,C,T,T,C,C,C,A,G,G,T,A,A,C,A,A,A,C,C,A,A,C,C,A,A,C,T,T,T,C,T,A,A,A,T,A,G,C,T,A,A,T,G,A,A,G,A,G,T,G,A,A,A,A,G,C,A,A,G,T,T,G,A,A,C,A,A,A,A,G,A,T,C,G,C,T,G,C,A,A,C,A,G,T,T,G,G,A,C,A,A,T,T,A,T,T,A,T,A,A,G,A,A,A,G,A,C,A,A,T,T,C,T,T,A,T,T,T,C,A,C,A,G,A,G,C,A,A,C,C,A,A,T,T,G,A,T,C,C,A,A,T,G,T,C,T,A,A,T,T,T,A,G,G,C,A,T,G,C,C,T,T,C,T,T,A,A,T,C,A,T,G,C,A,A,T,T,G,T,T,T,T,T,C,A,G,C,T,A,T,T,T,T,C,C,T,A,G,A,T,G,T,C,T,G,C,T,T,T,T,A,A,T,T,C,C,C,A,C,C,C,C,G,C,G,G,G,G,C,G,C,T,G,T,T,A,T,C,C,G,G,G,G,A,C,A,A,G,T,C,G,G,T,G,A,T,G,C,C,C,C,C,G,C,C,G,G,G,C,G,C,C,G,G,G,C,G,C,A,A,T,G,T,G,T,A,A,A,A,T,T,A,A,T,T,T,T,A,G,T,A,G,T,G,C,T,A,T,C,C,C,C,A,T,G,T,G,A,T,T,T,T,A,A,T,A,G,C,T,T,C,T,T,A,G,G,A,G,A,A,T,G,A,C,A,A,A,A,A,A,A,A,A,A,A,A,A,A,A,A,A,A,A,A,A,A,A,A,A,A,A,A,A,A,A,A,A
MT675940.1,-,-,-,-,-,-,-,-,-,-,-,-,-,-,-,-,-,-,-,-,-,-,-,-,-,-,-,-,-,-,-,-,-,-,-,-,-,-,-,-,-,-,T,C,T,A,A,A,T,C,G,T,T,A,A,T,G,A,A,G,A,G,T,G,A,A,A,A,G,C,A,A,G,T,T,G,A,A,C,A,A,A,A,G,A,T,C,G,C,T,T,C,A,A,C,A,G,T,T,G,G,A,C,A,A,T,T,A,T,T,A,T,A,A,G,A,A,A,G,A,C,A,A,T,T,C,T,T,A,T,T,T,C,A,C,A,G,A,G,C,A,A,C,C,A,A,T,T,G,A,T,C,C,A,A,T,G,T,C,T,A,A,T,T,T,A,G,G,C,A,T,G,C,C,T,T,C,T,T,A,A,T,C,A,T,G,C,A,A,T,T,G,T,T,T,T,T,C,A,G,C,T,A,T,T,T,T,C,C,T,A,G,A,T,G,T,C,T,G,C,T,T,T,T,G,A,T,C,C,C,C,G,C,C,T,T,G,T,G,G,G,G,C,G,C,T,T,T,T,A,T,C,T,G,G,G,G,A,C,A,A,G,T,C,G,T,-,-,-,C,G,C,C,C,C,T,G,C,C,G,G,G,C,G,C,T,G,G,G,C,G,T,-,-,-,-,-,-,-,-,-,-,-,-,-,-,-,-,-,-,-,-,-,-,-,-,-,-,-,-,-,-,-,-,-,-,-,-,-,-,-,-,-,-,-,-,-,-,-,-,-,-,-,-,-,-,-,-,-,-,-,-,-,-,-,-,-,-,-,-,-,-,-,-,-,-,-,-,-,-,-,-,-,-,-,-,-,-,-,-,-,-,-,-,-,-,-,-,-,-,-
MT622321.1,-,-,-,-,-,-,-,-,-,-,-,-,-,-,-,-,-,-,-,-,-,-,-,-,T,A,A,C,A,A,A,C,C,A,A,C,C,A,A,C,T,T,T,C,T,A,A,A,T,A,G,C,T,A,A,T,G,A,A,G,A,G,T,G,A,A,A,A,G,C,A,A,G,T,T,G,A,A,C,A,A,A,A,G,A,T,C,G,C,T,G,C,A,A,C,A,G,T,T,G,G,A,C,A,A,T,T,A,T,T,A,T,A,A,G,A,A,A,G,A,C,A,A,T,T,C,T,T,A,T,T,T,C,A,C,A,G,A,G,C,A,A,C,C,A,A,T,T,G,A,T,C,C,A,A,T,G,T,C,T,A,A,T,T,T,A,G,G,C,A,T,G,C,C,T,T,C,T,T,A,A,T,C,A,T,G,C,A,A,T,T,G,T,T,T,T,T,C,A,G,C,T,A,T,T,T,T,C,C,T,A,G,A,T,G,T,C,T,G,C,T,T,T,T,G,G,T,T,C,C,T,A,C,C,C,C,G,C,G,G,G,G,C,G,C,T,G,T,T,A,T,C,C,G,G,G,G,A,C,A,A,G,T,C,G,G,-,-,-,C,G,C,C,C,C,C,G,C,T,G,G,G,C,G,C,C,A,A,C,C,G,C,A,A,T,G,T,G,T,A,A,A,A,T,T,A,A,T,T,T,T,A,G,T,A,G,T,G,C,T,A,T,C,C,C,C,A,T,G,T,G,A,T,T,T,T,A,A,T,A,G,C,T,T,C,T,T,-,-,-,-,-,-,-,-,-,-,-,-,-,-,-,-,-,-,-,-,-,-,-,-,-,-,-,-,-,-,-,-,-,-,-,-,-,-,-,-,-,-,-,-
MT066156.1,A,T,T,A,A,A,G,G,T,T,T,A,T,A,C,C,T,T,C,C,C,A,G,G,T,A,A,C,A,A,A,C,C,A,A,C,C,A,A,C,T,T,C,C,T,A,A,T,T,A,G,C,C,A,A,T,G,A,A,G,A,G,T,G,A,A,A,A,G,C,A,A,G,T,T,G,A,A,C,A,A,A,A,G,A,T,C,G,C,T,G,C,A,A,C,A,G,T,T,G,G,A,C,A,A,T,T,A,T,T,A,T,A,A,G,A,A,A,G,A,C,A,A,T,T,C,T,T,A,T,T,T,C,A,C,A,G,A,G,C,A,A,C,C,A,A,T,T,G,A,T,C,C,A,A,T,G,T,C,T,A,A,T,T,T,A,G,G,C,A,T,G,C,C,T,T,C,T,T,A,A,T,C,A,T,G,C,A,A,T,T,G,T,T,T,T,T,C,A,G,C,T,A,T,T,T,T,C,C,T,A,N,A,T,G,T,C,T,G,C,T,T,T,T,G,A,T,C,C,C,C,A,C,C,C,C,G,C,G,G,G,G,C,G,C,T,G,T,T,A,T,C,C,G,G,A,G,A,C,A,A,G,T,C,G,G,-,-,-,C,T,C,C,C,C,C,G,C,C,G,G,G,C,G,C,C,G,G,G,C,G,C,A,A,T,G,T,G,T,A,A,A,A,T,T,A,A,T,T,T,T,A,G,T,A,G,T,G,C,T,A,T,C,C,C,C,A,T,G,T,G,A,T,T,T,T,A,A,T,A,G,C,T,T,C,T,T,A,G,G,A,G,A,A,T,-,-,-,-,-,-,-,-,-,-,-,-,-,-,-,-,-,-,-,-,-,-,-,-,-,-,-,-,-,-,-,-,-,-,-,-
MT012098.1,-,-,-,-,-,-,-,-,-,-,-,-,-,A,C,C,T,T,C,C,C,A,G,G,T,A,A,C,A,A,A,C,C,A,A,C,C,A,A,C,T,T,C,C,T,A,A,A,C,A,G,C,C,A,A,T,G,A,A,G,A,G,T,G,A,A,A,A,G,C,A,A,G,T,T,G,A,A,C,A,A,A,A,G,A,T,C,G,C,T,G,C,A,A,C,A,G,T,T,G,G,A,C,A,A,T,T,A,T,T,A,T,A,A,G,A,A,A,G,A,C,A,A,T,T,C,T,T,A,T,T,T,C,A,C,A,G,A,G,C,A,A,C,C,A,A,T,T,G,A,T,C,T,A,A,T,G,T,C,T,A,A,T,T,T,A,G,G,C,A,T,G,C,C,T,T,C,T,T,A,A,T,C,A,T,G,C,A,A,T,T,G,T,T,T,T,T,C,A,G,C,T,A,T,T,T,T,C,C,T,A,G,A,T,G,T,C,T,G,C,T,T,T,T,G,A,T,C,C,T,C,A,C,T,C,C,G,C,G,G,G,G,C,G,C,T,G,-,-,-,T,C,C,T,G,A,G,A,C,A,A,G,T,C,G,G,-,-,-,C,G,C,C,C,C,C,G,C,C,G,G,G,C,G,C,C,G,G,G,C,G,C,A,A,T,G,T,G,T,A,A,A,A,T,T,A,A,T,T,T,T,A,G,T,A,G,T,G,C,T,A,T,C,C,C,C,A,T,G,T,G,A,T,T,T,T,A,A,T,A,G,C,T,T,C,T,T,A,G,G,A,G,A,A,T,G,A,C,-,-,-,-,-,-,-,-,-,-,-,-,-,-,-,-,-,-,-,-,-,-,-,-,-,-,-,-,-,-,-,-,-
